-- MySQL dump 10.13  Distrib 5.7.21, for Win64 (x86_64)
--
-- Host: localhost    Database: case_study_area_picking
-- ------------------------------------------------------
-- Server version	5.7.21

/*!40101 SET @OLD_CHARACTER_SET_CLIENT=@@CHARACTER_SET_CLIENT */;
/*!40101 SET @OLD_CHARACTER_SET_RESULTS=@@CHARACTER_SET_RESULTS */;
/*!40101 SET @OLD_COLLATION_CONNECTION=@@COLLATION_CONNECTION */;
/*!40101 SET NAMES utf8 */;
/*!40103 SET @OLD_TIME_ZONE=@@TIME_ZONE */;
/*!40103 SET TIME_ZONE='+00:00' */;
/*!40014 SET @OLD_UNIQUE_CHECKS=@@UNIQUE_CHECKS, UNIQUE_CHECKS=0 */;
/*!40014 SET @OLD_FOREIGN_KEY_CHECKS=@@FOREIGN_KEY_CHECKS, FOREIGN_KEY_CHECKS=0 */;
/*!40101 SET @OLD_SQL_MODE=@@SQL_MODE, SQL_MODE='NO_AUTO_VALUE_ON_ZERO' */;
/*!40111 SET @OLD_SQL_NOTES=@@SQL_NOTES, SQL_NOTES=0 */;

--
-- Table structure for table `address`
--

DROP TABLE IF EXISTS `address`;
/*!40101 SET @saved_cs_client     = @@character_set_client */;
/*!40101 SET character_set_client = utf8 */;
CREATE TABLE `address` (
  `id_address` int(10) unsigned NOT NULL AUTO_INCREMENT,
  `id_customer` int(10) unsigned NOT NULL,
  `id_country` int(10) unsigned NOT NULL,
  `firstname` varchar(255) NOT NULL,
  `lastname` varchar(255) NOT NULL,
  `address1` varchar(128) NOT NULL,
  `address2` varchar(128) NOT NULL,
  `city` varchar(64) NOT NULL,
  PRIMARY KEY (`id_address`)
) ENGINE=MyISAM AUTO_INCREMENT=101 DEFAULT CHARSET=latin1;
/*!40101 SET character_set_client = @saved_cs_client */;

--
-- Dumping data for table `address`
--

LOCK TABLES `address` WRITE;
/*!40000 ALTER TABLE `address` DISABLE KEYS */;
INSERT INTO `address` VALUES (1,1,5,'Fastacar','Buck','Callejuela Lorem','Ipsum N78','Esgaroth'),(2,2,5,'ANGEL','Bairn','Glorieta Lorem','Ipsum N76','Harlond'),(3,3,9,'Mary','Green','Callejuela Lorem','Ipsum N80','Pelargir'),(4,4,9,'Mary','Gardner','Calle Lorem','Ipsum N58','Hobbiton'),(5,5,7,'Ligo','Green','Avenida Lorem','Ipsum N41','Cavada Grande'),(6,6,9,'Samhan','Bairn','Paseo Lorem','Ipsum N92','Osgiliath'),(7,7,4,'Holbin','Weed','Calle Lorem','Ipsum N44','Umbar'),(8,8,6,'Golgo','Weed','Calle Lorem','Ipsum N31','Villa de Entibo'),(9,9,7,'Fastacar','Green','Callejuela Lorem','Ipsum N81','Osgiliath'),(10,10,7,'Andbella','Foot','Poligono Lorem','Ipsum N13','Caras Galadhon'),(11,11,6,'Macdon','Chubb','Avenida Lorem','Ipsum N36','Calembel'),(12,12,8,'Mary','Foot','Glorieta Lorem','Ipsum N8','Pelargir'),(13,13,3,'Wisegrim','Foot','Glorieta Lorem','Ipsum N49','Calembel'),(14,14,5,'Holbin','Green','Callejuela Lorem','Ipsum N18','Minas Ithil'),(15,15,3,'Mibe','Green','Paseo Lorem','Ipsum N13','Hobbiton'),(16,16,2,'Byding','Gamwich','Glorieta Lorem','Ipsum N92','Ciudad de Valle'),(17,17,8,'Holbin','Brace','Poligono Lorem','Ipsum N89','Aldburg'),(18,18,4,'Andbella','Weed','Callejuela Lorem','Ipsum N56','Harlond'),(19,19,7,'Fastacar','Feet','Alameda Lorem','Ipsum N90','Aldea de Bree'),(20,20,8,'Ligo','Girdle','Glorieta Lorem','Ipsum N92','Cuernavilla'),(21,21,10,'Rocdo','Green','Callejuela Lorem','Ipsum N97','Fornost'),(22,22,2,'Andbella','Chubb','Callejon Lorem','Ipsum N40','Edhellond'),(23,23,2,'Mary','Brace','Calle Lorem','Ipsum N87','Aldea de Combe'),(24,24,2,'Wisegrim','Sack','Glorieta Lorem','Ipsum N85','Aldburg'),(25,25,5,'Fastacar','Hand','Carretera Lorem','Ipsum N44','Aldea de Bree'),(26,26,2,'Rocdo','Foot','Glorieta Lorem','Ipsum N85','Puertos Grises'),(27,27,9,'Golgo','Bairn','Calle Lorem','Ipsum N20','Tharbad'),(28,28,3,'Mibe','Sack','Glorieta Lorem','Ipsum N33','Cuernavilla'),(29,29,9,'Rocdo','Weed','Avenida Lorem','Ipsum N82','Cavernas del rey Thranduil'),(30,30,8,'Samhan','Girdle','Carretera Lorem','Ipsum N13','Hobbiton'),(31,31,2,'Mibe','Green','Glorieta Lorem','Ipsum N96','Edoras'),(32,32,5,'Dipo','Feet','Poligono Lorem','Ipsum N97','Ciudad de Valle'),(33,33,6,'Fihil','Green','Poligono Lorem','Ipsum N62','Esgaroth'),(34,34,9,'Adehil','Gamwich','Poligono Lorem','Ipsum N48','Rivendel'),(35,35,3,'Macdon','Green','Alameda Lorem','Ipsum N35','Caras Galadhon'),(36,36,9,'Dipo','Girdle','Alameda Lorem','Ipsum N70','Cavada Grande'),(37,37,1,'Dipo','Feet','Glorieta Lorem','Ipsum N1','Minas Morgul'),(38,38,9,'Macdon','Sack','Alameda Lorem','Ipsum N83','Pelargir'),(39,39,9,'Dadic','Girdle','Paseo Lorem','Ipsum N81','Cuernavilla'),(40,40,4,'Fastacar','Gardner','Callejon Lorem','Ipsum N90','Osgiliath'),(41,41,4,'Agolda','Foot','Avenida Lorem','Ipsum N18','Calembel'),(42,42,4,'Dipo','Baggins','Avenida Lorem','Ipsum N38','Aldburg'),(43,43,10,'Agolda','Feet','Callejuela Lorem','Ipsum N98','Fornost'),(44,44,2,'Ligo','Hand','Callejuela Lorem','Ipsum N19','Ost-in-Edhil'),(45,45,7,'Agolda','Gamwich','Callejuela Lorem','Ipsum N87','Archet'),(46,46,7,'Fastacar','Gamwich','Avenida Lorem','Ipsum N37','Umbar'),(47,47,9,'Dipo','Hand','Carretera Lorem','Ipsum N95','Pelargir'),(48,48,5,'Ligo','Pipe','Poligono Lorem','Ipsum N59','Ethring'),(49,49,1,'Fihil','Weed','Callejon Lorem','Ipsum N59','Cuernavilla'),(50,50,10,'Dadic','Bairn','Callejuela Lorem','Ipsum N70','Dol Amroth'),(51,51,9,'Fastacar','Baggins','Alameda Lorem','Ipsum N20','Villa de Entibo'),(52,52,10,'Holbin','Buck','Carretera Lorem','Ipsum N87','Ciudad de Valle'),(53,53,9,'Mundlo','Girdle','Callejuela Lorem','Ipsum N81','Tharbad'),(54,54,3,'Fihil','Green','Callejon Lorem','Ipsum N72','Brithombar'),(55,55,5,'ANGEL','Feet','Callejuela Lorem','Ipsum N40','Osgiliath'),(56,56,9,'Dipo','Bottom','Paseo Lorem','Ipsum N17','Rivendel'),(57,57,3,'Holbin','Bottom','Alameda Lorem','Ipsum N36','Cavada Grande'),(58,58,1,'Gardadoc','Girdle','Carretera Lorem','Ipsum N88','Aldea de Combe'),(59,59,9,'Macdon','Buck','Callejuela Lorem','Ipsum N82','Umbar'),(60,60,4,'Wisegrim','Feet','Paseo Lorem','Ipsum N73','Minas Tirith'),(61,61,7,'Andbella','Green','Calle Lorem','Ipsum N40','Linhir'),(62,62,5,'Macdon','Bairn','Paseo Lorem','Ipsum N27','Framburgo'),(63,63,4,'ANGEL','Chubb','Paseo Lorem','Ipsum N76','Rivendel'),(64,64,3,'Ligo','Baggins','Plaza Lorem','Ipsum N32','Hobbiton'),(65,65,6,'Dipo','Bottom','Callejon Lorem','Ipsum N97','Dol Amroth'),(66,66,10,'Adehil','Chubb','Callejuela Lorem','Ipsum N91','Ciudad de los Trasgos'),(67,67,7,'Dadic','Girdle','Carretera Lorem','Ipsum N70','Esgaroth'),(68,68,7,'Andbella','Baggins','Poligono Lorem','Ipsum N6','Minas Morgul'),(69,69,8,'Wisegrim','Brace','Carretera Lorem','Ipsum N38','Tharbad'),(70,70,7,'Agolda','Baggins','Glorieta Lorem','Ipsum N23','Osgiliath'),(71,71,5,'Gardadoc','Pipe','Plaza Lorem','Ipsum N75','Aldburg'),(72,72,8,'Mibe','Buck','Paseo Lorem','Ipsum N55','Minas Tirith'),(73,73,4,'Samhan','Buck','Avenida Lorem','Ipsum N41','Cavada Grande'),(74,74,9,'Mary','Brace','Callejon Lorem','Ipsum N12','Aldburg'),(75,75,8,'Ligo','Pipe','Callejon Lorem','Ipsum N66','Harlond'),(76,76,4,'Mibe','Buck','Glorieta Lorem','Ipsum N47','Tharbad'),(77,77,4,'ANGEL','Bottom','Poligono Lorem','Ipsum N23','Ethring'),(78,78,3,'Macdon','Weed','Avenida Lorem','Ipsum N83','Ciudad de Valle'),(79,79,2,'Dadic','Bottom','Glorieta Lorem','Ipsum N9','Annúminas'),(80,80,9,'Samhan','Foot','Callejon Lorem','Ipsum N89','Pelargir'),(81,81,7,'Fastacar','Hand','Poligono Lorem','Ipsum N13','Aldea de Bree'),(82,82,2,'Wisegrim','Baggins','Glorieta Lorem','Ipsum N82','Minas Morgul'),(83,83,5,'ANGEL','Bottom','Plaza Lorem','Ipsum N10','Villa de Entibo'),(84,84,4,'ANGEL','Foot','Paseo Lorem','Ipsum N84','Dol Amroth'),(85,85,4,'Mibe','Bottom','Callejuela Lorem','Ipsum N68','Cair Andros'),(86,86,7,'Dadic','Buck','Paseo Lorem','Ipsum N72','Minas Tirith'),(87,87,8,'Holbin','Baggins','Callejon Lorem','Ipsum N24','Framburgo'),(88,88,5,'Gardadoc','Bairn','Carretera Lorem','Ipsum N35','Minas Ithil'),(89,89,7,'Fastacar','Baggins','Avenida Lorem','Ipsum N6','Ethring'),(90,90,7,'ANGEL','Bottom','Poligono Lorem','Ipsum N94','Aldea de Combe'),(91,91,8,'ANGEL','Girdle','Calle Lorem','Ipsum N70','Edoras'),(92,92,4,'Fastacar','Green','Paseo Lorem','Ipsum N88','Framburgo'),(93,93,6,'ANGEL','Green','Plaza Lorem','Ipsum N68','Eglarest'),(94,94,5,'Mundlo','Sack','Poligono Lorem','Ipsum N77','Cuernavilla'),(95,95,5,'Macdon','Girdle','Carretera Lorem','Ipsum N31','Edoras'),(96,96,5,'Dadic','Baggins','Paseo Lorem','Ipsum N40','Aldea de Bree'),(97,97,3,'Mibe','Foot','Calle Lorem','Ipsum N51','Cuernavilla'),(98,98,4,'Andbella','Green','Callejon Lorem','Ipsum N83','Eglarest'),(99,99,10,'Mundlo','Green','Avenida Lorem','Ipsum N51','Minas Morgul'),(100,100,4,'Dipo','Girdle','Avenida Lorem','Ipsum N13','Aldburg');
/*!40000 ALTER TABLE `address` ENABLE KEYS */;
UNLOCK TABLES;

--
-- Table structure for table `country_lang`
--

DROP TABLE IF EXISTS `country_lang`;
/*!40101 SET @saved_cs_client     = @@character_set_client */;
/*!40101 SET character_set_client = utf8 */;
CREATE TABLE `country_lang` (
  `id_country` int(10) unsigned NOT NULL AUTO_INCREMENT,
  `name` varchar(64) NOT NULL,
  PRIMARY KEY (`id_country`)
) ENGINE=MyISAM AUTO_INCREMENT=11 DEFAULT CHARSET=latin1;
/*!40101 SET character_set_client = @saved_cs_client */;

--
-- Dumping data for table `country_lang`
--

LOCK TABLES `country_lang` WRITE;
/*!40000 ALTER TABLE `country_lang` DISABLE KEYS */;
INSERT INTO `country_lang` VALUES (1,'Alemania'),(2,'Austria'),(3,'Bélgica'),(4,'Canadá'),(5,'China'),(6,'España'),(7,'Finlandia'),(8,'Francia'),(9,'Grecia'),(10,'Italia');
/*!40000 ALTER TABLE `country_lang` ENABLE KEYS */;
UNLOCK TABLES;

--
-- Table structure for table `customer`
--

DROP TABLE IF EXISTS `customer`;
/*!40101 SET @saved_cs_client     = @@character_set_client */;
/*!40101 SET character_set_client = utf8 */;
CREATE TABLE `customer` (
  `id_customer` int(10) unsigned NOT NULL AUTO_INCREMENT,
  `firstname` varchar(255) NOT NULL,
  `lastname` varchar(255) NOT NULL,
  PRIMARY KEY (`id_customer`)
) ENGINE=MyISAM AUTO_INCREMENT=101 DEFAULT CHARSET=latin1;
/*!40101 SET character_set_client = @saved_cs_client */;

--
-- Dumping data for table `customer`
--

LOCK TABLES `customer` WRITE;
/*!40000 ALTER TABLE `customer` DISABLE KEYS */;
INSERT INTO `customer` VALUES (1,'Fastacar','Buck'),(2,'ANGEL','Bairn'),(3,'Mary','Green'),(4,'Mary','Gardner'),(5,'Ligo','Green'),(6,'Samhan','Bairn'),(7,'Holbin','Weed'),(8,'Golgo','Weed'),(9,'Fastacar','Green'),(10,'Andbella','Foot'),(11,'Macdon','Chubb'),(12,'Mary','Foot'),(13,'Wisegrim','Foot'),(14,'Holbin','Green'),(15,'Mibe','Green'),(16,'Byding','Gamwich'),(17,'Holbin','Brace'),(18,'Andbella','Weed'),(19,'Fastacar','Feet'),(20,'Ligo','Girdle'),(21,'Rocdo','Green'),(22,'Andbella','Chubb'),(23,'Mary','Brace'),(24,'Wisegrim','Sack'),(25,'Fastacar','Hand'),(26,'Rocdo','Foot'),(27,'Golgo','Bairn'),(28,'Mibe','Sack'),(29,'Rocdo','Weed'),(30,'Samhan','Girdle'),(31,'Mibe','Green'),(32,'Dipo','Feet'),(33,'Fihil','Green'),(34,'Adehil','Gamwich'),(35,'Macdon','Green'),(36,'Dipo','Girdle'),(37,'Dipo','Feet'),(38,'Macdon','Sack'),(39,'Dadic','Girdle'),(40,'Fastacar','Gardner'),(41,'Agolda','Foot'),(42,'Dipo','Baggins'),(43,'Agolda','Feet'),(44,'Ligo','Hand'),(45,'Agolda','Gamwich'),(46,'Fastacar','Gamwich'),(47,'Dipo','Hand'),(48,'Ligo','Pipe'),(49,'Fihil','Weed'),(50,'Dadic','Bairn'),(51,'Fastacar','Baggins'),(52,'Holbin','Buck'),(53,'Mundlo','Girdle'),(54,'Fihil','Green'),(55,'ANGEL','Feet'),(56,'Dipo','Bottom'),(57,'Holbin','Bottom'),(58,'Gardadoc','Girdle'),(59,'Macdon','Buck'),(60,'Wisegrim','Feet'),(61,'Andbella','Green'),(62,'Macdon','Bairn'),(63,'ANGEL','Chubb'),(64,'Ligo','Baggins'),(65,'Dipo','Bottom'),(66,'Adehil','Chubb'),(67,'Dadic','Girdle'),(68,'Andbella','Baggins'),(69,'Wisegrim','Brace'),(70,'Agolda','Baggins'),(71,'Gardadoc','Pipe'),(72,'Mibe','Buck'),(73,'Samhan','Buck'),(74,'Mary','Brace'),(75,'Ligo','Pipe'),(76,'Mibe','Buck'),(77,'ANGEL','Bottom'),(78,'Macdon','Weed'),(79,'Dadic','Bottom'),(80,'Samhan','Foot'),(81,'Fastacar','Hand'),(82,'Wisegrim','Baggins'),(83,'ANGEL','Bottom'),(84,'ANGEL','Foot'),(85,'Mibe','Bottom'),(86,'Dadic','Buck'),(87,'Holbin','Baggins'),(88,'Gardadoc','Bairn'),(89,'Fastacar','Baggins'),(90,'ANGEL','Bottom'),(91,'ANGEL','Girdle'),(92,'Fastacar','Green'),(93,'ANGEL','Green'),(94,'Mundlo','Sack'),(95,'Macdon','Girdle'),(96,'Dadic','Baggins'),(97,'Mibe','Foot'),(98,'Andbella','Green'),(99,'Mundlo','Green'),(100,'Dipo','Girdle');
/*!40000 ALTER TABLE `customer` ENABLE KEYS */;
UNLOCK TABLES;

--
-- Table structure for table `order_detail`
--

DROP TABLE IF EXISTS `order_detail`;
/*!40101 SET @saved_cs_client     = @@character_set_client */;
/*!40101 SET character_set_client = utf8 */;
CREATE TABLE `order_detail` (
  `id_order_detail` int(10) unsigned NOT NULL AUTO_INCREMENT,
  `id_order` int(10) NOT NULL,
  `product_name` varchar(255) NOT NULL,
  `product_quantity` int(6) NOT NULL,
  PRIMARY KEY (`id_order_detail`)
) ENGINE=MyISAM AUTO_INCREMENT=752 DEFAULT CHARSET=latin1;
/*!40101 SET character_set_client = @saved_cs_client */;

--
-- Dumping data for table `order_detail`
--

LOCK TABLES `order_detail` WRITE;
/*!40000 ALTER TABLE `order_detail` DISABLE KEYS */;
INSERT INTO `order_detail` VALUES (1,3,'Daily Bath Pack',2),(2,3,'Natural Glow Fluid Foundation',2),(3,3,'Newborn Pack',1),(4,3,'Soft Konjac Kids Sponge',1),(5,4,'Bronzing Brush Pack',1),(6,4,'Real Soul Organic Fragrance',3),(7,4,'Vitamin Complex Facial Plan',1),(8,5,'Body Essentials Pack',2),(9,5,'Hand Sanitiser Pack',3),(10,5,'Pacific Ocean Moisturising Gel',1),(11,5,'Red & Blue Serums Pack',3),(12,5,'Superoxide Dismutase Face Mist',1),(13,7,'Nebula Stick',2),(14,7,'Powerful Body Trio',4),(15,8,'Pink Protection Lip Balm',2),(16,8,'Powerful Body Trio',2),(17,10,'Freshly Pets Pack',1),(18,10,'Powerful Body Trio Limited Edition',1),(19,10,'Radiant Glow Primer Serum',2),(20,11,'Blue Radiance Enzymatic Serum',2),(21,11,'Golden Radiance Body Oil',4),(22,11,'Newborn Pack',1),(23,12,'Natural Finishing Power',1),(24,17,'Haircare Intense Detox Plan',1),(25,17,'Red Velvet Oil Serum',3),(26,18,'Daily Bath Pack',1),(27,18,'Natural Bronzing Power',4),(28,19,'Hair Radiance Keratin Spray',3),(29,19,'Haircare Intense Detox Plan',1),(30,19,'Super Cleanser Trio',3),(31,20,'Acondicionador Reparador Anti Frizz',3),(32,20,'Curly Vibes Defining Cream',2),(33,20,'Gel De Baño Nutritivo Funny Aloe',1),(34,20,'Natural Glowy Highlighter',3),(35,22,'Crema De Pañal Happy Avocado',1),(36,22,'Exfoliante Corporal Revitalizante Detox',1),(37,22,'Flat Eyeshadow Brush',1),(38,23,'Blue Radiance Enzymatic Serum',3),(39,23,'Bronzing Brush Pack',3),(40,23,'Pink Protection Lip Balm',1),(41,24,'Bamboo Brush for pets',4),(42,24,'Crema Corporal Sweet Apple',3),(43,24,'Galactic Nebula Stick Pack',1),(44,27,'Real Soul Organic Fragrance',1),(45,31,'Acondicionador Reparador Anti Frizz',1),(46,31,'Pasta de Dientes Pure Freshness',2),(47,32,'Vitamin Complex Facial Plan',1),(48,34,'Freshly Pets Pack',2),(49,34,'Golden Radiance Body Oil',1),(50,34,'Reusable Glass Water Bottle',1),(51,34,'Tote Bag Planet First',1),(52,35,'Peony Limitless Eyelash Serum',1),(53,35,'Sérum Capilar Intense Recovery',1),(54,37,'Blending Eyeshadow Brush',1),(55,37,'Body Essentials Pack',1),(56,37,'Powerful Body Trio',3),(57,37,'Sérum Capilar Intense Recovery',1),(58,39,'Fresh Berry Toothbrush',2),(59,39,'Peony Limitless Eyelash Serum',1),(60,41,'Acondicionador Reparador Anti Frizz',1),(61,41,'Real Soul Organic Fragrance',2),(62,41,'Rose Quartz Facial Cleanser',2),(63,41,'Skincare Detox Plan',1),(64,43,'Black Star Mascara',1),(65,43,'Calming Sunflower Face Cream',1),(66,43,'Gel De Ducha Nutritivo Detox',4),(67,43,'Green Vitamin Concentrate Serum',1),(68,50,'Crema De Pañal Happy Avocado',3),(69,50,'Exfoliante Corporal Revitalizante Detox',1),(70,50,'Hyaluronic Energy Body Serum',1),(71,52,'Energy C Facial Mask',3),(72,52,'Vitamin Fix Concealer',1),(73,54,'Bamboo Brush for pets',1),(74,54,'Calming Sunflower Face Cream',2),(75,54,'Pacific Ocean Moisturising Gel',3),(76,55,'Crema Corporal Sweet Apple',1),(77,55,'Crema De Pañal Happy Avocado',4),(78,55,'Nebula Stick',2),(79,59,'Haircare Intense Detox Plan',2),(80,59,'Nebula Stick',1),(81,59,'Reusable Glass Water Bottle',1),(82,59,'Tratamiento Pro-Repair de Manos y Uñas',2),(83,60,'Agua Micelar Fresh Green',3),(84,60,'Bronzing Brush Pack',1),(85,60,'Galactic Nebula Stick Pack',1),(86,63,'Mineral Beauty Brush Pack',1),(87,65,'Crema De Pañal Happy Avocado',1),(88,66,'Desodorante Active Protection',2),(89,66,'Mineral Beauty Brush Pack',1),(90,66,'Pack FRESHLY KIDS',4),(91,66,'Silky Passion Cleansing Oil',2),(92,67,'Cherry Blossom Facial Mask',1),(93,67,'Emerald Clay Facial Mask',2),(94,67,'Real Soul Organic Fragrance',2),(95,68,'Haircare Restore Detox Plan',1),(96,71,'Haircare Restore Detox Plan',1),(97,71,'Oil Radiance Pack',1),(98,72,'Freshly Pets Pack',1),(99,72,'Green Vitamin Concentrate Serum',1),(100,72,'Hand Sanitiser Pack',4),(101,73,'Aceite Corporal Dream Peach',3),(102,73,'Charity Gel - Gel De Baño Nutritivo',1),(103,73,'Hand Sanitiser Pack',1),(104,73,'Hyper-Concentrate Eye Contour Serum',2),(105,77,'Desodorante Active Protection',1),(106,77,'Healthy Lips Plan',2),(107,78,'Anti-Aging Concentrate Treatment',1),(108,78,'Healthy Lips Plan',1),(109,78,'Soft Konjac Kids Sponge',1),(110,80,'Blending Eyeshadow Brush',4),(111,80,'Galactic Nebula Stick Pack',1),(112,80,'Radiant Glow Primer Serum',1),(113,81,'Natural Volume Lip Balm',2),(114,81,'Pure Mineral Compact Blush',1),(115,82,'Haircare Restore Detox Plan',1),(116,82,'Real Soul Organic Fragrance',1),(117,82,'Tónico Facial Purificante Detox',4),(118,91,'Galactic Nebula Stick Pack',3),(119,91,'Real Natural Skin Foundation',1),(120,93,'Emerald Clay Facial Mask',1),(121,93,'Silky Passion Cleansing Oil',2),(122,94,'Champú Suave Smiling Kiwi',2),(123,94,'Iconic Mini Serums Pack',1),(124,94,'Reusable Glass Water Bottle',1),(125,95,'Crema De Pañal Happy Avocado',1),(126,95,'Face Beauty Brush',1),(127,95,'Fresh Berry Toothbrush',1),(128,101,'Desodorante Active Protection',2),(129,102,'Emerald Clay Facial Mask',1),(130,102,'Pacific Ocean Moisturising Gel',2),(131,102,'Rose Quartz Facial Cleanser',1),(132,103,'Black Star Mascara',2),(133,106,'Hand Sanitiser Pack',1),(134,106,'Hyaluronic Energy Body Serum',1),(135,107,'Curly Vibes Defining Cream',3),(136,107,'Instant Fresh Hand Sanitiser',1),(137,107,'Pink Protection Lip Balm',1),(138,108,'Crema Corporal Sweet Apple',1),(139,108,'Gravity Lipstick',1),(140,110,'Bronzing Brush Pack',2),(141,112,'Exfoliante Corporal Revitalizante Detox',1),(142,112,'Real Natural Skin Foundation',1),(143,114,'Detox Shower Pack',1),(144,114,'Pure Freshness Toothbrush',1),(145,114,'Wonder Curls Routine',3),(146,115,'Anti-Aging Concentrate Treatment',1),(147,115,'Cherry Blossom Facial Mask',1),(148,115,'Energy C Facial Mask',1),(149,116,'Pure Freshness Toothbrush',1),(150,118,'Healthy Lips Plan',1),(151,118,'Pack FRESHLY KIDS',2),(152,118,'Pure Freshness Pack',2),(153,120,'Healthy Protection Pack',1),(154,120,'Superoxide Dismutase Face Mist',1),(155,122,'Cherry Blossom Facial Mask',1),(156,122,'Face Beauty Brush',4),(157,122,'Magic Mask Trio',1),(158,124,'Body Flame Firming Cream',2),(159,124,'Reusable Organic Cotton Pads',2),(160,125,'Pasta de Dientes Pure Freshness',1),(161,126,'Energy C Facial Mask',1),(162,126,'Facial Antiox Plan',2),(163,126,'Wonder Curls Routine',2),(164,127,'Crema Solar Kids Protection',3),(165,127,'Pure Mineral Compact Blush',4),(166,128,'Bronzing Brush Pack',1),(167,128,'Curly Vibes Defining Cream',2),(168,128,'Real Soul Organic Fragrance',1),(169,128,'Tratamiento Pro-Repair de Manos y Uñas',3),(170,132,'Gel De Baño Nutritivo Funny Aloe',2),(171,132,'Healthy Lips Plan',1),(172,132,'Natural Glow Fluid Foundation',2),(173,133,'Be Radiant Pack',1),(174,133,'Citrus Care Deodorising Shampoo for dogs',1),(175,133,'Sweet Body Pack',2),(176,134,'Shampoo & Conditioner Pack for dogs',2),(177,135,'Freshly Pets Pack',1),(178,135,'Natural Finishing Power',2),(179,135,'Pacific Ocean Moisturising Gel',1),(180,136,'Soothing Pack For Sensitive Skin',1),(181,137,'Pack FRESHLY KIDS',4),(182,137,'Pure Freshness Pack',1),(183,138,'Calming Sunflower Face Cream',1),(184,138,'Face Beauty Brush',4),(185,139,'Aceite Corporal Dream Peach',1),(186,139,'Crema Solar Corporal Healthy Protection',1),(187,139,'Rose Quartz Facial Cleanser',1),(188,140,'Iconic Mini Serums Pack',2),(189,140,'Soft Konjac Kids Sponge',3),(190,141,'Hyaluronic Energy Body Serum',2),(191,141,'Natural Glow Fluid Foundation',1),(192,143,'Pacific Ocean Moisturising Gel',3),(193,144,'Mineral Eyeshadow Palette',4),(194,144,'Natural Hair Conditioner Spray for dogs',1),(195,144,'Powerful Body Trio',1),(196,145,'Outer Space Eyeliner',2),(197,146,'Agua Micelar Fresh Green',2),(198,146,'Healthy Lips Plan',2),(199,146,'Outer Space Eyeliner',1),(200,148,'Be Radiant Pack',1),(201,148,'Haircare Detox Plan',2),(202,148,'Pack FRESHLY KIDS',4),(203,149,'Emerald Clay Facial Mask',1),(204,153,'Acondicionador Reparador Anti Frizz',3),(205,153,'Facial Antiox Plan',1),(206,153,'Natural Bronzing Power',2),(207,153,'Nebula Stick',1),(208,156,'Superoxide Dismutase Face Mist',1),(209,160,'Natural Glowy Highlighter',1),(210,161,'Pack FRESHLY KIDS',1),(211,161,'Real Natural Skin Foundation',2),(212,163,'Citrus Care Deodorising Shampoo for dogs',4),(213,163,'Good Night Pack',1),(214,163,'Natural Bronzing Power',2),(215,163,'Powerful Body Trio',3),(216,167,'Crema De Pañal Happy Avocado',1),(217,167,'Crema Solar Corporal Healthy Protection',1),(218,167,'Facial Antiox Plan',1),(219,167,'Radiant Curls Oil Serum',2),(220,167,'Radiant Glow Primer Serum',1),(221,168,'Pure Freshness Toothbrush',1),(222,170,'Hair Radiance Keratin Spray',1),(223,170,'Iconic Mini Serums Pack',1),(224,171,'Gravity Lipstick',3),(225,171,'Pack FRESHLY KIDS',1),(226,173,'Charity Gel - Gel De Baño Nutritivo',2),(227,173,'Healthy Lips Plan',2),(228,173,'Mineral Beauty Brush Pack',1),(229,174,'Citrus Care Deodorising Shampoo for dogs',2),(230,174,'Desodorante Active Protection',1),(231,174,'Exfoliante Corporal Revitalizante Detox',2),(232,176,'Bloom Orchid Face Cream',1),(233,176,'Crema De Pañal Happy Avocado',2),(234,176,'Vibrant Refreshing Shampoo',1),(235,177,'Haircare Restore Detox Plan',1),(236,177,'Sérum Capilar Intense Recovery',1),(237,178,'Black Star Mascara',3),(238,178,'Newborn Pack',3),(239,183,'Cosmic Ice Gloss',1),(240,191,'Natural Bronzing Power',2),(241,194,'Hair Radiance Keratin Spray',4),(242,194,'Vibrant Refreshing Shampoo',1),(243,196,'Curly Vibes Defining Cream',2),(244,202,'Body Flame Firming Cream',3),(245,202,'Emerald Clay Facial Mask',1),(246,202,'Freshly Fan\'s Bag',1),(247,205,'Energy C Facial Mask',2),(248,205,'Magic Mask Trio',2),(249,206,'Magic Mask Trio',1),(250,206,'Mineral Beauty Brush Pack',1),(251,207,'Vitamin Complex Facial Plan',3),(252,207,'Vitamin Fix Concealer',1),(253,211,'Big Bang Brow',1),(254,211,'Exfoliante Corporal Revitalizante Detox',3),(255,211,'Iconic Mini Serums Pack',1),(256,212,'Big Bang Brow',2),(257,212,'Haircare Detox Plan',3),(258,212,'Nourish Restore Hair Mask',1),(259,212,'Vitamin Fix Concealer',1),(260,214,'Reusable Glass Water Bottle',2),(261,215,'Energy C Facial Mask',3),(262,215,'Rose Quartz Facial Cleanser',1),(263,216,'Sweet Body Pack',2),(264,216,'Tónico Facial Purificante Detox',2),(265,221,'Crema Solar Kids Protection',2),(266,221,'Magic Mask Trio',1),(267,222,'Red & Blue Serums Pack',3),(268,222,'Soothing Pack For Sensitive Skin',2),(269,223,'Real Natural Skin Foundation',2),(270,228,'Body Flame Firming Cream',1),(271,228,'Hyper-Concentrate Eye Contour Serum',4),(272,228,'Natural Hair Conditioner Spray for dogs',1),(273,228,'Reusable Organic Cotton Pads',2),(274,230,'Haircare Intense Detox Plan',2),(275,231,'Charity Gel - Gel De Baño Nutritivo',1),(276,231,'Nebula Stick',2),(277,231,'Pure Freshness Toothbrush',1),(278,234,'Agua Micelar Fresh Green',1),(279,234,'Shampoo & Conditioner Pack for dogs',1),(280,234,'Tratamiento Pro-Repair de Manos y Uñas',1),(281,234,'Vitamin Complex Facial Plan',1),(282,236,'Exfoliante Corporal Revitalizante Detox',1),(283,236,'Facial Antiox Plan',1),(284,236,'Outer Space Eyeliner',2),(285,236,'Real Soul Organic Fragrance',3),(286,239,'Blending Eyeshadow Brush',2),(287,239,'Energy C Facial Mask',1),(288,239,'Gravity Lipstick',1),(289,239,'Hair Radiance Keratin Spray',1),(290,239,'Pink Protection Lip Balm',1),(291,241,'Aceite Corporal Dream Peach',1),(292,241,'Iconic Mini Serums Pack',1),(293,243,'Green Vitamin Concentrate Serum',1),(294,243,'Oil Radiance Pack',2),(295,244,'Emerald Clay Facial Mask',1),(296,244,'Iconic Mini Serums Pack',1),(297,247,'Haircare Restore Detox Plan',3),(298,250,'Instant Fresh Hand Sanitiser',2),(299,250,'Pasta de Dientes Pure Freshness',1),(300,251,'Hyper-Concentrate Eye Contour Serum',1),(301,251,'Natural Glowy Highlighter',1),(302,252,'Powerful Body Trio Limited Edition',1),(303,252,'Rose Quartz Facial Cleanser',2),(304,252,'Vitamin Fix Concealer',2),(305,255,'Daily Bath Pack',3),(306,255,'Pure Freshness Pack',1),(307,255,'Super Cleanser Trio',2),(308,258,'Crema Solar Facial Healthy Protection',3),(309,258,'Gel De Baño Nutritivo Funny Aloe',1),(310,258,'Shampoo & Conditioner Pack for dogs',2),(311,259,'Newborn Pack',2),(312,259,'Radiant Curls Oil Serum',1),(313,260,'Citrus Care Deodorising Shampoo for dogs',1),(314,261,'Eyeshadow Beauty Brush Pack',1),(315,262,'Crema Solar Kids Protection',1),(316,263,'Be Radiant Pack',1),(317,263,'Galactic Nebula Stick Pack',1),(318,263,'Gravity Lipstick',2),(319,264,'Acondicionador Reparador Anti Frizz',2),(320,264,'Facial Antiox Plan',2),(321,264,'Real Natural Skin Foundation',3),(322,265,'Bloom Orchid Face Cream',4),(323,265,'Natural Volume Lip Balm',1),(324,268,'Fresh Berry Toothbrush',2),(325,268,'Oil Radiance Pack',1),(326,268,'Shine Control Pack For Oily Skin',3),(327,269,'Agua Micelar Fresh Green',1),(328,269,'Curly Vibes Defining Cream',1),(329,269,'Newborn Pack',1),(330,274,'Cherry Blossom Facial Mask',1),(331,274,'Magic Mask Trio',1),(332,276,'Be Radiant Pack',1),(333,276,'Newborn Pack',1),(334,281,'Deep Nourish Lip Balm',1),(335,281,'Hand Sanitiser Pack',3),(336,281,'Red Velvet Oil Serum',2),(337,281,'Shine Control Pack For Oily Skin',2),(338,282,'Powerful Body Trio',1),(339,282,'Soft Konjac Kids Sponge',3),(340,283,'Newborn Pack',2),(341,284,'Body Flame Firming Cream',1),(342,284,'Pure Freshness Pack',2),(343,284,'Pure Mineral Compact Blush',1),(344,285,'Hyper-Concentrate Eye Contour Serum',3),(345,285,'Instant Fresh Hand Sanitiser',3),(346,285,'Rose Quartz Facial Cleanser',1),(347,285,'Superoxide Dismutase Face Mist',1),(348,287,'Body Flame Firming Cream',1),(349,287,'Pasta de Dientes Pure Freshness',1),(350,289,'Gel De Ducha Nutritivo Detox',2),(351,289,'Pure Freshness Toothbrush',3),(352,290,'Desodorante Active Protection',1),(353,290,'Haircare Detox Plan',1),(354,291,'Desodorante Active Protection',2),(355,291,'Natural Volume Lip Balm',1),(356,291,'Nourish Restore Hair Mask',1),(357,294,'Body Essentials Pack',1),(358,294,'Vitamin Fix Concealer',1),(359,295,'Charity Gel - Gel De Baño Nutritivo',3),(360,295,'Crema De Pañal Happy Avocado',1),(361,297,'Pack FRESHLY KIDS',1),(362,298,'Crema Solar Facial Healthy Protection',1),(363,298,'Natural Glowy Highlighter',3),(364,300,'Natural Glow Fluid Foundation',1),(365,300,'Pure Freshness Pack',2),(366,1,'Healthy Lips Plan',1),(367,1,'Radiant Glow Primer Serum',3),(368,1,'Real Soul Organic Fragrance',1),(369,2,'Instant Fresh Hand Sanitiser',2),(370,2,'Soothing Pack For Sensitive Skin',1),(371,2,'Superoxide Dismutase Face Mist',1),(372,6,'Cherry Blossom Facial Mask',2),(373,6,'Curly Vibes Defining Cream',1),(374,6,'Pasta de Dientes Pure Freshness',1),(375,6,'Rose Quartz Facial Cleanser',1),(376,14,'Outer Space Eyeliner',2),(377,14,'Pacific Ocean Moisturising Gel',2),(378,21,'Facial Antiox Plan',1),(379,21,'Pack FRESHLY KIDS',3),(380,25,'Gel De Ducha Nutritivo Detox',2),(381,25,'Pasta de Dientes Pure Freshness',1),(382,26,'Charity Gel - Gel De Baño Nutritivo',1),(383,26,'Energy C Facial Mask',3),(384,26,'Iconic Mini Serums Pack',2),(385,28,'Body Flame Firming Cream',4),(386,28,'Natural Volume Lip Balm',1),(387,28,'Powerful Body Trio',1),(388,28,'Pure Freshness Pack',1),(389,28,'Reusable Glass Water Bottle',1),(390,33,'Acondicionador Reparador Anti Frizz',1),(391,33,'Galactic Nebula Stick Pack',1),(392,33,'Haircare Detox Plan',1),(393,33,'Outer Space Eyeliner',1),(394,36,'Gravity Lipstick',1),(395,36,'Pure Freshness Toothbrush',2),(396,36,'Silky Passion Cleansing Oil',1),(397,42,'Freshly Pets Pack',1),(398,42,'Gel De Ducha Nutritivo Detox',4),(399,42,'Red Velvet Oil Serum',1),(400,48,'Champú Suave Smiling Kiwi',1),(401,48,'Tote Bag Planet First',2),(402,49,'Bloom Orchid Face Cream',3),(403,49,'Curly Vibes Defining Cream',2),(404,49,'Eyeshadow Beauty Brush Pack',2),(405,49,'Radiant Glow Primer Serum',3),(406,51,'Magic Mask Trio',1),(407,51,'Tratamiento Pro-Repair de Manos y Uñas',2),(408,51,'Vitamin Fix Concealer',3),(409,53,'Gravity Lipstick',1),(410,53,'Silky Passion Cleansing Oil',2),(411,53,'Tratamiento Pro-Repair de Manos y Uñas',1),(412,57,'Body Essentials Pack',2),(413,57,'Citrus Care Deodorising Shampoo for dogs',1),(414,57,'Crema Solar Corporal Healthy Protection',1),(415,57,'Vibrant Refreshing Shampoo',1),(416,58,'Natural Glow Fluid Foundation',1),(417,62,'Peony Limitless Eyelash Serum',1),(418,62,'Sérum Capilar Intense Recovery',2),(419,69,'Bronzing Brush Pack',3),(420,69,'Daily Bath Pack',3),(421,69,'Healthy Lips Plan',2),(422,83,'Magic Mask Trio',1),(423,83,'Silky Passion Cleansing Oil',2),(424,83,'Tratamiento Pro-Repair de Manos y Uñas',1),(425,83,'Vibrant Refreshing Shampoo',3),(426,83,'Vitamin Complex Facial Plan',2),(427,84,'Instant Fresh Hand Sanitiser',2),(428,84,'Mineral Beauty Brush Pack',1),(429,86,'Hyper-Concentrate Eye Contour Serum',3),(430,86,'Mineral Beauty Brush Pack',3),(431,88,'Crema De Pañal Happy Avocado',2),(432,88,'Gel De Baño Nutritivo Funny Aloe',1),(433,88,'Haircare Detox Plan',1),(434,88,'Healthy Protection Pack',1),(435,88,'Tote Bag Planet First',1),(436,89,'Body Essentials Pack',1),(437,89,'Vibrant Refreshing Shampoo',1),(438,89,'Wonder Curls Routine',3),(439,92,'Citrus Care Deodorising Shampoo for dogs',1),(440,92,'Vitamin Fix Concealer',1),(441,96,'Healthy Protection Pack',2),(442,96,'Skincare Detox Plan',3),(443,98,'Crema Solar Kids Protection',2),(444,98,'Pacific Ocean Moisturising Gel',2),(445,98,'Vitamin Fix Concealer',1),(446,104,'Newborn Pack',3),(447,104,'Vibrant Refreshing Shampoo',1),(448,105,'Acondicionador Reparador Anti Frizz',3),(449,105,'Agua Micelar Fresh Green',1),(450,105,'Body Essentials Pack',3),(451,105,'Soothing Pack For Sensitive Skin',1),(452,109,'Healthy Lips Plan',3),(453,111,'Pink Protection Lip Balm',2),(454,113,'Galactic Nebula Stick Pack',1),(455,113,'Nebula Stick',1),(456,119,'Fresh Berry Toothbrush',1),(457,119,'Mineral Eyeshadow Palette',3),(458,119,'Newborn Pack',2),(459,123,'Desodorante Active Protection',3),(460,123,'Natural Bronzing Power',2),(461,123,'Real Natural Skin Foundation',1),(462,129,'Citrus Care Deodorising Shampoo for dogs',1),(463,129,'Good Night Pack',1),(464,129,'Natural Glow Fluid Foundation',2),(465,129,'Rose Quartz Facial Cleanser',1),(466,130,'Healthy Lips Plan',3),(467,130,'Peony Limitless Eyelash Serum',1),(468,131,'Crema Corporal Sweet Apple',3),(469,131,'Hand Sanitiser Pack',4),(470,154,'Black Star Mascara',1),(471,154,'Sweet Body Pack',1),(472,155,'Energy C Facial Mask',1),(473,155,'Face Beauty Brush',1),(474,158,'Mineral Eyeshadow Palette',1),(475,158,'Natural Glow Fluid Foundation',1),(476,159,'Hand Sanitiser Pack',1),(477,159,'Red & Blue Serums Pack',2),(478,166,'Citrus Care Deodorising Shampoo for dogs',1),(479,166,'Peony Limitless Eyelash Serum',1),(480,172,'Cherry Blossom Facial Mask',1),(481,172,'Crema Corporal Sweet Apple',2),(482,172,'Real Natural Skin Foundation',4),(483,181,'Green Vitamin Concentrate Serum',1),(484,184,'Galactic Nebula Stick Pack',1),(485,184,'Haircare Restore Detox Plan',1),(486,184,'Healthy Lips Plan',1),(487,184,'Natural Finishing Power',2),(488,184,'Tote Bag Planet First',3),(489,185,'Mineral Beauty Brush Pack',1),(490,185,'Natural Finishing Power',4),(491,187,'Cosmic Ice Gloss',2),(492,187,'Pure Freshness Toothbrush',1),(493,190,'Green Vitamin Concentrate Serum',4),(494,190,'Iconic Mini Serums Pack',2),(495,193,'Deep Nourish Lip Balm',1),(496,193,'Outer Space Eyeliner',1),(497,195,'Citrus Care Deodorising Shampoo for dogs',2),(498,195,'Crema Solar Kids Protection',1),(499,195,'Gel De Baño Nutritivo Funny Aloe',1),(500,197,'Agua Micelar Fresh Green',2),(501,197,'Good Night Pack',1),(502,197,'Vibrant Refreshing Shampoo',3),(503,199,'Cherry Blossom Facial Mask',3),(504,199,'Soft Konjac Kids Sponge',3),(505,200,'Black Star Mascara',4),(506,200,'Daily Bath Pack',2),(507,200,'Powerful Body Trio',1),(508,201,'Vitamin Fix Concealer',3),(509,201,'Wonder Curls Routine',2),(510,217,'Healthy Protection Pack',1),(511,217,'Oil Radiance Pack',2),(512,217,'Radiant Glow Primer Serum',2),(513,217,'Tratamiento Pro-Repair de Manos y Uñas',2),(514,220,'Golden Radiance Body Oil',1),(515,220,'Newborn Pack',3),(516,224,'Hyaluronic Energy Body Serum',1),(517,224,'Tratamiento Pro-Repair de Manos y Uñas',1),(518,225,'Crema Corporal Sweet Apple',2),(519,225,'Detox Shower Pack',1),(520,225,'Eyeshadow Beauty Brush Pack',1),(521,233,'Gel De Ducha Nutritivo Detox',2),(522,233,'Real Natural Skin Foundation',1),(523,235,'Energy C Facial Mask',3),(524,235,'Natural Glow Fluid Foundation',2),(525,235,'Superoxide Dismutase Face Mist',3),(526,249,'Crema Solar Facial Healthy Protection',3),(527,249,'Freshly Pets Pack',1),(528,254,'Citrus Care Deodorising Shampoo for dogs',3),(529,254,'Radiant Curls Oil Serum',2),(530,254,'Real Soul Organic Fragrance',2),(531,271,'Azelaic Radiance Face Treatment',2),(532,271,'Iconic Mini Serums Pack',3),(533,271,'Radiant Curls Oil Serum',1),(534,273,'Facial Antiox Plan',3),(535,275,'Exfoliante Corporal Revitalizante Detox',2),(536,275,'Reusable Organic Cotton Pads',1),(537,279,'Be Radiant Pack',3),(538,279,'Nourish Restore Hair Mask',1),(539,279,'Rose Quartz Facial Cleanser',2),(540,286,'Red & Blue Serums Pack',1),(541,286,'Sweet Body Pack',1),(542,288,'Agua Micelar Fresh Green',1),(543,288,'Soft Konjac Kids Sponge',2),(544,296,'Crema Solar Kids Protection',2),(545,296,'Hair Radiance Keratin Spray',1),(546,296,'Pink Protection Lip Balm',1),(547,13,'Blending Eyeshadow Brush',4),(548,13,'Haircare Restore Detox Plan',2),(549,13,'Natural Bronzing Power',1),(550,13,'Sérum Capilar Intense Recovery',1),(551,15,'Golden Radiance Body Oil',1),(552,15,'Hair Radiance Keratin Spray',1),(553,15,'Haircare Detox Plan',1),(554,16,'Eyeshadow Beauty Brush Pack',1),(555,16,'Pink Protection Lip Balm',2),(556,16,'Tratamiento Pro-Repair de Manos y Uñas',3),(557,29,'Anti-Aging Concentrate Treatment',1),(558,29,'Healthy Lips Plan',1),(559,29,'Iconic Mini Serums Pack',3),(560,29,'Red & Blue Serums Pack',3),(561,44,'Blending Eyeshadow Brush',3),(562,44,'Golden Radiance Body Oil',1),(563,61,'Bamboo Brush for pets',2),(564,61,'Natural Volume Lip Balm',2),(565,61,'Shine Control Pack For Oily Skin',3),(566,64,'Body Flame Firming Cream',4),(567,74,'Calming Sunflower Face Cream',1),(568,74,'Pasta de Dientes Pure Freshness',1),(569,75,'Crema Corporal Sweet Apple',2),(570,75,'Instant Fresh Hand Sanitiser',1),(571,75,'Natural Glowy Highlighter',1),(572,75,'Pack FRESHLY KIDS',2),(573,75,'Red Velvet Oil Serum',2),(574,85,'Citrus Care Deodorising Shampoo for dogs',3),(575,85,'Emerald Clay Facial Mask',1),(576,85,'Nebula Stick',2),(577,85,'Pure Freshness Toothbrush',1),(578,85,'Wonder Curls Routine',2),(579,90,'Daily Bath Pack',1),(580,90,'Exfoliante Corporal Revitalizante Detox',1),(581,90,'Instant Fresh Hand Sanitiser',2),(582,100,'Peony Limitless Eyelash Serum',1),(583,117,'Radiant Glow Primer Serum',1),(584,147,'Crema Solar Kids Protection',3),(585,147,'Mineral Eyeshadow Palette',1),(586,147,'Sérum Capilar Intense Recovery',2),(587,150,'Soft Konjac Kids Sponge',1),(588,152,'Green Vitamin Concentrate Serum',1),(589,152,'Hand Sanitiser Pack',1),(590,152,'Powerful Body Trio',2),(591,152,'Sweet Body Pack',1),(592,157,'Iconic Mini Serums Pack',1),(593,157,'Real Soul Organic Fragrance',2),(594,162,'Good Night Pack',1),(595,162,'Reusable Organic Cotton Pads',1),(596,169,'Pure Freshness Pack',4),(597,169,'Super Cleanser Trio',1),(598,175,'Mineral Eyeshadow Palette',4),(599,175,'Peony Limitless Eyelash Serum',1),(600,179,'Natural Hair Conditioner Spray for dogs',2),(601,179,'Nourish Restore Hair Mask',1),(602,180,'Crema Corporal Sweet Apple',1),(603,180,'Haircare Intense Detox Plan',1),(604,180,'Tote Bag Planet First',1),(605,188,'Crema De Pañal Happy Avocado',1),(606,188,'Face Beauty Brush',2),(607,188,'Nebula Stick',1),(608,192,'Instant Fresh Hand Sanitiser',1),(609,192,'Reusable Organic Cotton Pads',2),(610,192,'Sweet Body Pack',3),(611,198,'Emerald Clay Facial Mask',1),(612,198,'Freshly Fan\'s Bag',1),(613,198,'Natural Hair Conditioner Spray for dogs',1),(614,198,'Powerful Body Trio Limited Edition',1),(615,208,'Crema Solar Corporal Healthy Protection',1),(616,208,'Healthy Protection Pack',1),(617,208,'Outer Space Eyeliner',2),(618,213,'Oil Radiance Pack',1),(619,213,'Peony Limitless Eyelash Serum',1),(620,213,'Skincare Detox Plan',3),(621,213,'Sweet Body Pack',2),(622,219,'Bronzing Brush Pack',3),(623,226,'Champú Suave Smiling Kiwi',1),(624,226,'Gel De Ducha Nutritivo Detox',4),(625,232,'Acondicionador Reparador Anti Frizz',1),(626,232,'Crema Solar Kids Protection',2),(627,232,'Super Cleanser Trio',2),(628,238,'Sérum Capilar Intense Recovery',1),(629,245,'Deep Nourish Lip Balm',3),(630,245,'Emerald Clay Facial Mask',1),(631,245,'Natural Finishing Power',4),(632,245,'Pacific Ocean Moisturising Gel',1),(633,246,'Daily Bath Pack',1),(634,246,'Tote Bag Planet First',1),(635,248,'Bamboo Brush for pets',3),(636,248,'Hyper-Concentrate Eye Contour Serum',3),(637,256,'Superoxide Dismutase Face Mist',3),(638,257,'Calming Sunflower Face Cream',1),(639,257,'Nebula Stick',2),(640,257,'Reusable Organic Cotton Pads',1),(641,266,'Soothing Pack For Sensitive Skin',3),(642,277,'Anti-Aging Concentrate Treatment',2),(643,277,'Powerful Body Trio Limited Edition',1),(644,278,'Freshly Fan\'s Bag',1),(645,278,'Oil Radiance Pack',1),(646,299,'Good Night Pack',1),(647,299,'Haircare Detox Plan',1),(648,299,'Radiant Curls Oil Serum',1),(649,38,'Desodorante Active Protection',2),(650,45,'Aceite Corporal Dream Peach',2),(651,45,'Anti-Aging Concentrate Treatment',1),(652,47,'Aceite Corporal Dream Peach',1),(653,47,'Anti-Aging Concentrate Treatment',1),(654,47,'Pack FRESHLY KIDS',3),(655,79,'Hair Radiance Keratin Spray',1),(656,79,'Outer Space Eyeliner',3),(657,79,'Real Natural Skin Foundation',3),(658,87,'Pack FRESHLY KIDS',4),(659,87,'Red & Blue Serums Pack',1),(660,87,'Wonder Curls Routine',1),(661,97,'Body Flame Firming Cream',4),(662,97,'Hair Radiance Keratin Spray',1),(663,99,'Crema Solar Facial Healthy Protection',1),(664,99,'Radiant Glow Primer Serum',1),(665,99,'Red & Blue Serums Pack',3),(666,121,'Detox Shower Pack',1),(667,121,'Green Vitamin Concentrate Serum',2),(668,142,'Crema Solar Facial Healthy Protection',4),(669,142,'Eyeshadow Beauty Brush Pack',2),(670,142,'Reusable Glass Water Bottle',1),(671,142,'Superoxide Dismutase Face Mist',1),(672,204,'Hyaluronic Energy Body Serum',2),(673,204,'Natural Glow Fluid Foundation',1),(674,204,'Real Natural Skin Foundation',2),(675,210,'Emerald Clay Facial Mask',2),(676,210,'Face Beauty Brush',1),(677,227,'Desodorante Active Protection',3),(678,227,'Emerald Clay Facial Mask',1),(679,227,'Soothing Pack For Sensitive Skin',2),(680,229,'Calming Sunflower Face Cream',1),(681,229,'Healthy Lips Plan',1),(682,229,'Pure Freshness Toothbrush',2),(683,240,'Acondicionador Reparador Anti Frizz',1),(684,240,'Big Bang Brow',3),(685,240,'Blending Eyeshadow Brush',2),(686,240,'Body Flame Firming Cream',1),(687,267,'Crema Solar Facial Healthy Protection',1),(688,267,'Healthy Protection Pack',2),(689,267,'Pacific Ocean Moisturising Gel',1),(690,270,'Detox Shower Pack',1),(691,270,'Superoxide Dismutase Face Mist',3),(692,272,'Tote Bag Planet First',1),(693,292,'Green Vitamin Concentrate Serum',1),(694,9,'Big Bang Brow',3),(695,9,'Green Vitamin Concentrate Serum',1),(696,30,'Crema Solar Corporal Healthy Protection',3),(697,30,'Haircare Detox Plan',1),(698,30,'Powerful Body Trio',1),(699,40,'Cherry Blossom Facial Mask',1),(700,40,'Flat Eyeshadow Brush',3),(701,40,'Nebula Stick',1),(702,40,'Red Velvet Oil Serum',2),(703,46,'Crema Corporal Sweet Apple',2),(704,46,'Exfoliante Corporal Revitalizante Detox',2),(705,46,'Mineral Beauty Brush Pack',2),(706,56,'Crema Corporal Sweet Apple',1),(707,56,'Outer Space Eyeliner',1),(708,56,'Pacific Ocean Moisturising Gel',1),(709,76,'Champú Suave Smiling Kiwi',1),(710,76,'Pacific Ocean Moisturising Gel',1),(711,151,'Champú Suave Smiling Kiwi',2),(712,151,'Face Beauty Brush',2),(713,151,'Hand Sanitiser Pack',3),(714,164,'Azelaic Radiance Face Treatment',3),(715,164,'Charity Gel - Gel De Baño Nutritivo',1),(716,164,'Crema Solar Facial Healthy Protection',1),(717,164,'Hand Sanitiser Pack',1),(718,165,'Pure Freshness Pack',3),(719,165,'Pure Freshness Toothbrush',1),(720,182,'Black Star Mascara',1),(721,182,'Superoxide Dismutase Face Mist',1),(722,189,'Galactic Nebula Stick Pack',1),(723,189,'Pink Protection Lip Balm',1),(724,203,'Green Vitamin Concentrate Serum',1),(725,203,'Red Velvet Oil Serum',2),(726,203,'Shampoo & Conditioner Pack for dogs',1),(727,209,'Azelaic Radiance Face Treatment',1),(728,209,'Pasta de Dientes Pure Freshness',1),(729,218,'Crema Corporal Sweet Apple',2),(730,218,'Healthy Lips Plan',1),(731,218,'Powerful Body Trio Limited Edition',2),(732,237,'Crema De Pañal Happy Avocado',2),(733,237,'Face Beauty Brush',1),(734,237,'Pack FRESHLY KIDS',2),(735,237,'Radiant Curls Oil Serum',1),(736,242,'Haircare Intense Detox Plan',1),(737,242,'Natural Volume Lip Balm',3),(738,280,'Citrus Care Deodorising Shampoo for dogs',1),(739,280,'Healthy Protection Pack',2),(740,280,'Magic Mask Trio',2),(741,70,'Green Vitamin Concentrate Serum',3),(742,70,'Magic Mask Trio',3),(743,70,'Radiant Glow Primer Serum',3),(744,186,'Bamboo Brush for pets',1),(745,186,'Natural Glowy Highlighter',2),(746,253,'Haircare Intense Detox Plan',1),(747,253,'Natural Volume Lip Balm',2),(748,253,'Pasta de Dientes Pure Freshness',3),(749,293,'Flat Eyeshadow Brush',2),(750,293,'Gravity Lipstick',1),(751,293,'Tónico Facial Purificante Detox',2);
/*!40000 ALTER TABLE `order_detail` ENABLE KEYS */;
UNLOCK TABLES;

--
-- Table structure for table `order_state_lang`
--

DROP TABLE IF EXISTS `order_state_lang`;
/*!40101 SET @saved_cs_client     = @@character_set_client */;
/*!40101 SET character_set_client = utf8 */;
CREATE TABLE `order_state_lang` (
  `id_order_state` int(10) unsigned NOT NULL AUTO_INCREMENT,
  `name` varchar(64) NOT NULL,
  PRIMARY KEY (`id_order_state`)
) ENGINE=MyISAM AUTO_INCREMENT=9 DEFAULT CHARSET=latin1;
/*!40101 SET character_set_client = @saved_cs_client */;

--
-- Dumping data for table `order_state_lang`
--

LOCK TABLES `order_state_lang` WRITE;
/*!40000 ALTER TABLE `order_state_lang` DISABLE KEYS */;
INSERT INTO `order_state_lang` VALUES (1,'Pago pendiente'),(2,'Pago aceptado'),(3,'Preparación en proceso'),(4,'Enviado'),(5,'Entregado'),(6,'Cancelado'),(7,'Reembolso'),(8,'Error en el pago');
/*!40000 ALTER TABLE `order_state_lang` ENABLE KEYS */;
UNLOCK TABLES;

--
-- Table structure for table `orders`
--

DROP TABLE IF EXISTS `orders`;
/*!40101 SET @saved_cs_client     = @@character_set_client */;
/*!40101 SET character_set_client = utf8 */;
CREATE TABLE `orders` (
  `id_order` int(10) unsigned NOT NULL AUTO_INCREMENT,
  `reference` varchar(9) DEFAULT NULL,
  `id_customer` int(10) unsigned NOT NULL,
  `id_address_delivery` int(10) unsigned NOT NULL,
  `current_state` int(10) unsigned NOT NULL,
  `total_paid` decimal(20,6) NOT NULL DEFAULT '0.000000',
  `date_add` datetime NOT NULL,
  PRIMARY KEY (`id_order`)
) ENGINE=MyISAM AUTO_INCREMENT=301 DEFAULT CHARSET=latin1;
/*!40101 SET character_set_client = @saved_cs_client */;

--
-- Dumping data for table `orders`
--

LOCK TABLES `orders` WRITE;
/*!40000 ALTER TABLE `orders` DISABLE KEYS */;
INSERT INTO `orders` VALUES (1,'656654',1,1,6,45.000000,'2021-03-27 05:19:01'),(2,'646772',2,2,7,12.000000,'2021-03-27 10:14:06'),(3,'644121',3,3,4,32.000000,'2021-03-26 19:14:28'),(4,'23939',4,4,4,27.000000,'2021-03-27 11:52:29'),(5,'566427',5,5,5,51.000000,'2021-03-27 13:59:33'),(6,'329283',6,6,3,34.000000,'2021-03-27 07:39:38'),(7,'494931',7,7,3,46.000000,'2021-03-26 17:30:24'),(8,'230139',8,8,8,7.000000,'2021-03-26 23:14:43'),(9,'519482',9,9,3,21.000000,'2021-03-26 22:58:34'),(10,'89515',10,10,2,103.000000,'2021-03-27 07:33:06'),(11,'466810',11,11,2,76.000000,'2021-03-27 01:58:14'),(12,'125373',12,12,2,61.000000,'2021-03-27 06:04:43'),(13,'379112',13,13,5,43.000000,'2021-03-27 05:22:46'),(14,'724963',14,14,5,31.000000,'2021-03-26 15:52:38'),(15,'307501',15,15,7,84.000000,'2021-03-26 21:58:37'),(16,'64164',16,16,2,3.000000,'2021-03-27 12:20:17'),(17,'362752',17,17,2,47.000000,'2021-03-27 08:43:52'),(18,'356391',18,18,3,71.000000,'2021-03-27 06:30:31'),(19,'194560',19,19,8,52.000000,'2021-03-27 04:49:22'),(20,'372501',20,20,2,17.000000,'2021-03-27 02:17:16'),(21,'827091',21,21,2,74.000000,'2021-03-27 08:48:47'),(22,'553659',22,22,2,57.000000,'2021-03-27 01:35:28'),(23,'552218',23,23,7,26.000000,'2021-03-27 03:52:38'),(24,'871186',24,24,2,6.000000,'2021-03-26 18:43:12'),(25,'589339',25,25,2,12.000000,'2021-03-26 20:07:06'),(26,'687725',26,26,3,81.000000,'2021-03-27 12:02:29'),(27,'73843',27,27,2,40.000000,'2021-03-26 22:50:53'),(28,'467757',28,28,2,80.000000,'2021-03-26 21:00:37'),(29,'886805',29,29,1,63.000000,'2021-03-27 12:19:34'),(30,'595084',30,30,2,33.000000,'2021-03-27 09:49:22'),(31,'32978',31,31,7,13.000000,'2021-03-27 11:52:57'),(32,'36010',32,32,3,81.000000,'2021-03-27 10:20:03'),(33,'656708',33,33,1,39.000000,'2021-03-27 09:58:53'),(34,'782327',34,34,2,80.000000,'2021-03-27 09:46:00'),(35,'575470',35,35,2,27.000000,'2021-03-26 18:39:27'),(36,'45565',36,36,3,18.000000,'2021-03-27 08:59:36'),(37,'256955',37,37,8,35.000000,'2021-03-27 09:41:33'),(38,'824479',38,38,3,8.000000,'2021-03-27 05:34:08'),(39,'777774',39,39,8,44.000000,'2021-03-26 17:04:49'),(40,'201692',40,40,2,20.000000,'2021-03-26 22:37:40'),(41,'52294',41,41,2,100.000000,'2021-03-27 07:47:46'),(42,'565581',42,42,2,64.000000,'2021-03-26 15:03:46'),(43,'191912',43,43,3,72.000000,'2021-03-27 09:36:31'),(44,'744891',44,44,3,82.000000,'2021-03-27 14:38:51'),(45,'524838',45,45,2,44.000000,'2021-03-27 12:29:34'),(46,'237892',46,46,2,70.000000,'2021-03-27 01:50:40'),(47,'244277',47,47,2,67.000000,'2021-03-27 11:07:43'),(48,'278314',48,48,2,78.000000,'2021-03-26 20:58:56'),(49,'42701',49,49,2,49.000000,'2021-03-27 10:51:08'),(50,'686822',50,50,2,18.000000,'2021-03-27 02:53:50'),(51,'20036',51,51,7,81.000000,'2021-03-26 18:45:41'),(52,'432765',52,52,2,28.000000,'2021-03-27 07:16:45'),(53,'570438',53,53,4,58.000000,'2021-03-27 00:02:09'),(54,'233742',54,54,8,51.000000,'2021-03-27 02:15:28'),(55,'818995',55,55,2,96.000000,'2021-03-26 23:55:48'),(56,'107877',56,56,7,34.000000,'2021-03-27 10:28:11'),(57,'102423',57,57,2,79.000000,'2021-03-26 18:23:13'),(58,'415120',58,58,1,43.000000,'2021-03-26 15:05:37'),(59,'746179',59,59,2,88.000000,'2021-03-27 01:34:44'),(60,'629388',60,60,5,55.000000,'2021-03-26 19:33:35'),(61,'358661',61,61,6,16.000000,'2021-03-26 17:23:14'),(62,'84017',62,62,2,80.000000,'2021-03-27 03:38:50'),(63,'326104',63,63,1,45.000000,'2021-03-26 16:56:08'),(64,'142665',64,64,2,30.000000,'2021-03-27 12:02:31'),(65,'519952',65,65,3,7.000000,'2021-03-27 05:04:46'),(66,'706780',66,66,2,19.000000,'2021-03-26 20:31:40'),(67,'596722',67,67,2,96.000000,'2021-03-26 18:26:16'),(68,'862583',68,68,2,10.000000,'2021-03-26 21:57:22'),(69,'195750',69,69,2,16.000000,'2021-03-27 07:22:50'),(70,'12114',70,70,7,63.000000,'2021-03-26 21:30:52'),(71,'522958',71,71,3,35.000000,'2021-03-27 02:39:02'),(72,'419821',72,72,8,20.000000,'2021-03-26 15:54:49'),(73,'601551',73,73,2,15.000000,'2021-03-26 18:47:55'),(74,'382663',74,74,8,84.000000,'2021-03-26 19:22:23'),(75,'473762',75,75,5,100.000000,'2021-03-26 21:39:00'),(76,'478451',76,76,2,22.000000,'2021-03-27 00:30:23'),(77,'368506',77,77,1,62.000000,'2021-03-27 12:19:38'),(78,'616137',78,78,4,58.000000,'2021-03-27 01:58:50'),(79,'589104',79,79,3,13.000000,'2021-03-27 12:14:11'),(80,'95430',80,80,7,17.000000,'2021-03-27 13:42:19'),(81,'273378',81,81,2,14.000000,'2021-03-27 00:09:07'),(82,'486840',82,82,2,23.000000,'2021-03-27 04:06:38'),(83,'103313',83,83,2,36.000000,'2021-03-26 16:35:37'),(84,'306187',84,84,2,72.000000,'2021-03-26 19:14:36'),(85,'742817',85,85,3,9.000000,'2021-03-27 05:51:01'),(86,'808060',86,86,3,91.000000,'2021-03-27 07:20:06'),(87,'717851',87,87,2,17.000000,'2021-03-27 03:58:26'),(88,'249445',88,88,7,35.000000,'2021-03-27 13:19:04'),(89,'604258',89,89,6,59.000000,'2021-03-26 20:29:02'),(90,'443213',90,90,2,67.000000,'2021-03-26 15:45:04'),(91,'237567',91,91,2,71.000000,'2021-03-27 05:37:42'),(92,'43233',92,92,4,78.000000,'2021-03-27 00:35:19'),(93,'705914',93,93,2,45.000000,'2021-03-26 18:53:24'),(94,'495405',94,94,3,63.000000,'2021-03-27 14:17:57'),(95,'73827',95,95,2,19.000000,'2021-03-27 03:15:31'),(96,'66981',96,96,6,83.000000,'2021-03-27 02:11:06'),(97,'856009',97,97,1,9.000000,'2021-03-26 21:24:46'),(98,'114721',98,98,3,102.000000,'2021-03-27 11:25:06'),(99,'313315',99,99,5,72.000000,'2021-03-27 12:58:04'),(100,'484618',100,100,2,77.000000,'2021-03-26 23:04:32'),(101,'453209',1,1,1,61.000000,'2021-03-27 11:31:21'),(102,'499685',2,2,2,34.000000,'2021-03-27 01:33:49'),(103,'238137',3,3,2,79.000000,'2021-03-26 23:36:24'),(104,'495302',4,4,3,65.000000,'2021-03-27 13:12:00'),(105,'703213',5,5,2,49.000000,'2021-03-26 19:02:07'),(106,'436496',6,6,2,95.000000,'2021-03-26 18:39:53'),(107,'62160',7,7,2,96.000000,'2021-03-26 22:25:08'),(108,'727319',8,8,2,72.000000,'2021-03-27 09:50:20'),(109,'802177',9,9,7,30.000000,'2021-03-27 05:50:24'),(110,'250444',10,10,4,33.000000,'2021-03-26 20:41:31'),(111,'253950',11,11,3,88.000000,'2021-03-27 02:39:52'),(112,'829050',12,12,2,92.000000,'2021-03-26 19:18:02'),(113,'249888',13,13,2,25.000000,'2021-03-26 18:18:23'),(114,'14414',14,14,2,84.000000,'2021-03-27 05:18:23'),(115,'537619',15,15,2,49.000000,'2021-03-27 08:02:13'),(116,'152638',16,16,8,85.000000,'2021-03-26 18:29:42'),(117,'277130',17,17,2,38.000000,'2021-03-26 20:42:04'),(118,'120386',18,18,2,57.000000,'2021-03-27 13:05:16'),(119,'3827',19,19,2,3.000000,'2021-03-27 07:40:19'),(120,'390471',20,20,2,26.000000,'2021-03-27 12:57:49'),(121,'792323',21,21,3,66.000000,'2021-03-27 14:27:49'),(122,'15201',22,22,3,48.000000,'2021-03-27 05:10:14'),(123,'552681',23,23,3,48.000000,'2021-03-26 21:08:25'),(124,'844378',24,24,7,74.000000,'2021-03-27 10:56:34'),(125,'45657',25,25,2,41.000000,'2021-03-27 00:56:39'),(126,'825925',26,26,2,30.000000,'2021-03-26 19:02:54'),(127,'34561',27,27,2,95.000000,'2021-03-26 16:19:22'),(128,'499245',28,28,2,9.000000,'2021-03-26 20:39:10'),(129,'877678',29,29,1,64.000000,'2021-03-27 13:39:30'),(130,'815188',30,30,6,18.000000,'2021-03-26 20:56:46'),(131,'683135',31,31,1,2.000000,'2021-03-27 13:43:05'),(132,'644358',32,32,3,78.000000,'2021-03-27 13:29:54'),(133,'427176',33,33,2,15.000000,'2021-03-27 05:46:41'),(134,'616413',34,34,6,62.000000,'2021-03-26 23:47:54'),(135,'72333',35,35,2,93.000000,'2021-03-26 15:43:54'),(136,'457009',36,36,3,20.000000,'2021-03-27 10:40:49'),(137,'511848',37,37,2,98.000000,'2021-03-26 15:56:12'),(138,'367560',38,38,2,7.000000,'2021-03-26 20:30:44'),(139,'883369',39,39,2,63.000000,'2021-03-26 20:29:31'),(140,'318666',40,40,2,33.000000,'2021-03-27 06:19:31'),(141,'262858',41,41,4,32.000000,'2021-03-26 19:31:19'),(142,'56841',42,42,2,103.000000,'2021-03-27 07:22:36'),(143,'410500',43,43,4,21.000000,'2021-03-27 06:14:16'),(144,'563603',44,44,2,72.000000,'2021-03-27 05:33:54'),(145,'7665',45,45,7,13.000000,'2021-03-27 10:03:51'),(146,'572175',46,46,2,9.000000,'2021-03-26 17:42:16'),(147,'317307',47,47,1,87.000000,'2021-03-26 17:44:11'),(148,'99944',48,48,3,54.000000,'2021-03-27 08:17:15'),(149,'88547',49,49,2,30.000000,'2021-03-27 07:22:16'),(150,'541623',50,50,1,24.000000,'2021-03-26 15:51:32'),(151,'488833',51,51,2,25.000000,'2021-03-27 13:54:10'),(152,'81592',52,52,3,11.000000,'2021-03-27 10:12:12'),(153,'671692',53,53,2,35.000000,'2021-03-26 21:00:12'),(154,'253239',54,54,2,95.000000,'2021-03-27 02:00:13'),(155,'527801',55,55,1,53.000000,'2021-03-27 00:56:04'),(156,'525570',56,56,3,22.000000,'2021-03-26 16:59:04'),(157,'738134',57,57,6,82.000000,'2021-03-26 22:08:48'),(158,'144956',58,58,8,21.000000,'2021-03-26 16:25:39'),(159,'665092',59,59,2,54.000000,'2021-03-26 22:15:07'),(160,'8845',60,60,2,38.000000,'2021-03-26 19:18:03'),(161,'762133',61,61,1,102.000000,'2021-03-27 10:56:43'),(162,'219116',62,62,5,96.000000,'2021-03-26 19:43:13'),(163,'219329',63,63,2,85.000000,'2021-03-26 17:12:05'),(164,'42024',64,64,2,83.000000,'2021-03-27 01:10:36'),(165,'688299',65,65,2,97.000000,'2021-03-26 17:00:51'),(166,'585421',66,66,2,41.000000,'2021-03-27 07:15:15'),(167,'239689',67,67,3,29.000000,'2021-03-27 02:54:13'),(168,'617342',68,68,3,63.000000,'2021-03-27 13:16:40'),(169,'779987',69,69,2,48.000000,'2021-03-27 04:40:14'),(170,'466504',70,70,6,65.000000,'2021-03-27 03:57:28'),(171,'779204',71,71,1,1.000000,'2021-03-27 12:14:15'),(172,'410609',72,72,3,87.000000,'2021-03-27 14:05:48'),(173,'300851',73,73,6,103.000000,'2021-03-27 00:13:03'),(174,'866726',74,74,2,67.000000,'2021-03-27 04:44:05'),(175,'870589',75,75,5,66.000000,'2021-03-27 08:01:57'),(176,'616568',76,76,2,43.000000,'2021-03-27 06:56:29'),(177,'107131',77,77,2,100.000000,'2021-03-26 20:10:44'),(178,'191447',78,78,2,60.000000,'2021-03-27 10:36:00'),(179,'351200',79,79,2,103.000000,'2021-03-26 16:47:04'),(180,'387097',80,80,2,85.000000,'2021-03-26 18:37:12'),(181,'293607',81,81,6,81.000000,'2021-03-26 23:05:43'),(182,'338391',82,82,2,28.000000,'2021-03-27 10:10:54'),(183,'224699',83,83,2,65.000000,'2021-03-27 11:04:05'),(184,'313291',84,84,2,68.000000,'2021-03-26 16:43:37'),(185,'391532',85,85,2,47.000000,'2021-03-27 11:59:21'),(186,'46561',86,86,6,64.000000,'2021-03-27 00:43:33'),(187,'200850',87,87,3,9.000000,'2021-03-26 18:35:42'),(188,'495237',88,88,6,42.000000,'2021-03-27 00:45:51'),(189,'778810',89,89,1,77.000000,'2021-03-27 06:03:19'),(190,'847388',90,90,2,54.000000,'2021-03-26 23:23:21'),(191,'203153',91,91,3,1.000000,'2021-03-26 16:57:45'),(192,'401373',92,92,3,89.000000,'2021-03-27 05:30:28'),(193,'436286',93,93,3,10.000000,'2021-03-27 07:37:38'),(194,'211140',94,94,3,21.000000,'2021-03-27 13:17:29'),(195,'80529',95,95,7,69.000000,'2021-03-27 04:42:24'),(196,'806672',96,96,2,91.000000,'2021-03-27 06:06:22'),(197,'494880',97,97,3,73.000000,'2021-03-27 04:10:28'),(198,'593063',98,98,2,53.000000,'2021-03-27 06:56:11'),(199,'734524',99,99,2,4.000000,'2021-03-27 13:58:57'),(200,'642722',100,100,2,88.000000,'2021-03-26 16:02:08'),(201,'636682',1,1,8,58.000000,'2021-03-27 12:11:16'),(202,'701872',2,2,8,12.000000,'2021-03-27 04:52:39'),(203,'547302',3,3,3,72.000000,'2021-03-26 21:23:37'),(204,'271704',4,4,3,85.000000,'2021-03-26 22:53:56'),(205,'213378',5,5,2,46.000000,'2021-03-27 05:48:03'),(206,'708708',6,6,2,42.000000,'2021-03-27 04:37:42'),(207,'604662',7,7,2,53.000000,'2021-03-27 05:50:31'),(208,'550037',8,8,2,35.000000,'2021-03-26 16:45:09'),(209,'371431',9,9,8,25.000000,'2021-03-26 22:54:11'),(210,'868212',10,10,2,44.000000,'2021-03-27 11:54:41'),(211,'132919',11,11,2,7.000000,'2021-03-26 16:40:20'),(212,'190298',12,12,2,11.000000,'2021-03-27 13:32:23'),(213,'390446',13,13,2,11.000000,'2021-03-26 20:29:27'),(214,'776143',14,14,3,22.000000,'2021-03-26 18:39:33'),(215,'155214',15,15,2,92.000000,'2021-03-26 19:46:03'),(216,'337366',16,16,2,32.000000,'2021-03-27 11:26:39'),(217,'342596',17,17,3,78.000000,'2021-03-26 17:19:58'),(218,'238506',18,18,2,46.000000,'2021-03-26 21:36:00'),(219,'100075',19,19,2,94.000000,'2021-03-27 12:45:57'),(220,'765043',20,20,2,28.000000,'2021-03-27 09:41:58'),(221,'120790',21,21,2,88.000000,'2021-03-27 09:10:39'),(222,'259383',22,22,7,10.000000,'2021-03-27 08:25:42'),(223,'349258',23,23,3,79.000000,'2021-03-27 14:23:42'),(224,'569048',24,24,2,87.000000,'2021-03-26 21:04:35'),(225,'698501',25,25,2,32.000000,'2021-03-27 02:24:16'),(226,'455270',26,26,8,68.000000,'2021-03-26 21:52:09'),(227,'454072',27,27,5,1.000000,'2021-03-27 05:15:43'),(228,'15189',28,28,2,79.000000,'2021-03-27 11:43:25'),(229,'63014',29,29,2,11.000000,'2021-03-26 18:16:50'),(230,'366029',30,30,6,48.000000,'2021-03-27 07:43:19'),(231,'136322',31,31,4,98.000000,'2021-03-27 00:17:11'),(232,'129007',32,32,2,64.000000,'2021-03-26 22:38:12'),(233,'714322',33,33,4,73.000000,'2021-03-26 20:23:53'),(234,'54757',34,34,5,39.000000,'2021-03-26 22:53:16'),(235,'518240',35,35,4,6.000000,'2021-03-26 15:31:31'),(236,'876550',36,36,2,62.000000,'2021-03-26 22:40:42'),(237,'757263',37,37,4,19.000000,'2021-03-27 02:44:11'),(238,'851049',38,38,3,5.000000,'2021-03-27 01:54:47'),(239,'171965',39,39,2,76.000000,'2021-03-27 09:25:49'),(240,'620968',40,40,3,5.000000,'2021-03-26 17:22:30'),(241,'363445',41,41,2,70.000000,'2021-03-26 21:16:25'),(242,'297074',42,42,2,89.000000,'2021-03-27 01:13:19'),(243,'534098',43,43,3,35.000000,'2021-03-27 05:26:12'),(244,'49686',44,44,2,101.000000,'2021-03-27 06:51:25'),(245,'389765',45,45,3,43.000000,'2021-03-26 21:34:03'),(246,'162426',46,46,4,69.000000,'2021-03-27 14:32:48'),(247,'864808',47,47,2,4.000000,'2021-03-27 03:56:17'),(248,'567340',48,48,5,43.000000,'2021-03-27 06:26:00'),(249,'11847',49,49,2,20.000000,'2021-03-27 00:56:21'),(250,'498280',50,50,8,30.000000,'2021-03-27 02:30:05'),(251,'529137',51,51,4,30.000000,'2021-03-26 17:59:52'),(252,'728181',52,52,1,98.000000,'2021-03-27 07:33:48'),(253,'597579',53,53,2,70.000000,'2021-03-27 03:08:18'),(254,'480541',54,54,2,35.000000,'2021-03-26 19:49:13'),(255,'30970',55,55,3,43.000000,'2021-03-26 20:51:59'),(256,'19685',56,56,3,35.000000,'2021-03-27 06:06:53'),(257,'175342',57,57,3,56.000000,'2021-03-27 01:15:14'),(258,'512004',58,58,2,92.000000,'2021-03-26 16:19:32'),(259,'597789',59,59,5,63.000000,'2021-03-27 04:13:31'),(260,'878251',60,60,2,89.000000,'2021-03-26 21:56:15'),(261,'824788',61,61,7,45.000000,'2021-03-26 23:36:28'),(262,'481768',62,62,2,19.000000,'2021-03-27 07:32:21'),(263,'850602',63,63,3,82.000000,'2021-03-26 20:10:53'),(264,'680649',64,64,2,89.000000,'2021-03-27 12:19:10'),(265,'816353',65,65,3,102.000000,'2021-03-27 07:36:08'),(266,'500521',66,66,6,21.000000,'2021-03-27 00:16:14'),(267,'339916',67,67,2,21.000000,'2021-03-27 04:14:33'),(268,'193240',68,68,2,62.000000,'2021-03-27 12:29:47'),(269,'651991',69,69,3,96.000000,'2021-03-27 14:04:30'),(270,'63430',70,70,1,71.000000,'2021-03-27 00:41:56'),(271,'13668',71,71,2,16.000000,'2021-03-26 23:21:42'),(272,'301339',72,72,2,60.000000,'2021-03-27 05:15:00'),(273,'265179',73,73,2,54.000000,'2021-03-26 15:42:58'),(274,'580049',74,74,4,40.000000,'2021-03-27 06:02:34'),(275,'22945',75,75,1,46.000000,'2021-03-26 18:48:21'),(276,'446525',76,76,2,64.000000,'2021-03-27 02:55:41'),(277,'603867',77,77,2,11.000000,'2021-03-27 01:39:05'),(278,'864988',78,78,3,54.000000,'2021-03-27 09:02:24'),(279,'229861',79,79,2,33.000000,'2021-03-27 09:33:07'),(280,'853016',80,80,2,53.000000,'2021-03-27 01:09:39'),(281,'564990',81,81,2,83.000000,'2021-03-27 03:56:19'),(282,'299087',82,82,2,77.000000,'2021-03-26 19:57:13'),(283,'749636',83,83,2,89.000000,'2021-03-26 23:06:07'),(284,'147059',84,84,2,83.000000,'2021-03-27 07:30:29'),(285,'83064',85,85,3,87.000000,'2021-03-27 01:07:55'),(286,'561883',86,86,2,57.000000,'2021-03-27 01:53:42'),(287,'593420',87,87,3,85.000000,'2021-03-27 12:41:49'),(288,'90136',88,88,2,34.000000,'2021-03-26 16:20:23'),(289,'304777',89,89,3,26.000000,'2021-03-27 04:27:00'),(290,'87866',90,90,3,79.000000,'2021-03-27 13:42:29'),(291,'429786',91,91,2,88.000000,'2021-03-26 22:55:15'),(292,'138246',92,92,2,37.000000,'2021-03-27 09:50:14'),(293,'808188',93,93,2,97.000000,'2021-03-27 00:50:36'),(294,'262510',94,94,2,36.000000,'2021-03-26 18:10:15'),(295,'590111',95,95,2,74.000000,'2021-03-26 17:33:49'),(296,'401115',96,96,2,19.000000,'2021-03-26 23:30:50'),(297,'247911',97,97,3,46.000000,'2021-03-26 19:49:46'),(298,'642494',98,98,3,77.000000,'2021-03-27 03:17:17'),(299,'325762',99,99,2,40.000000,'2021-03-26 19:55:46'),(300,'816597',100,100,8,9.000000,'2021-03-27 01:27:18');
/*!40000 ALTER TABLE `orders` ENABLE KEYS */;
UNLOCK TABLES;
/*!40103 SET TIME_ZONE=@OLD_TIME_ZONE */;

/*!40101 SET SQL_MODE=@OLD_SQL_MODE */;
/*!40014 SET FOREIGN_KEY_CHECKS=@OLD_FOREIGN_KEY_CHECKS */;
/*!40014 SET UNIQUE_CHECKS=@OLD_UNIQUE_CHECKS */;
/*!40101 SET CHARACTER_SET_CLIENT=@OLD_CHARACTER_SET_CLIENT */;
/*!40101 SET CHARACTER_SET_RESULTS=@OLD_CHARACTER_SET_RESULTS */;
/*!40101 SET COLLATION_CONNECTION=@OLD_COLLATION_CONNECTION */;
/*!40111 SET SQL_NOTES=@OLD_SQL_NOTES */;

-- Dump completed on 2021-03-26 14:48:07
